dataset,channels_used,sequence_length,entropy_bits
Cordyceps_militari_Adamatzky_2021,1,50000,0.000642092266441667
Enoki_Flammulina_Adamatzky_2021,1,50000,0.49882913367788884
GhostFungi_Omphalotus_Adamatzky_2021,1,50000,0.00034104642176561263
Schizophyllum_Adamatzky_2021,1,50000,0.015857727623178976
Schizophyllum_Chowdhury_2025_fast,1,50000,2.321928094887362
