n,brute_force_length,brute_force_time_s,optimal,nn_length,nn_time_s,mycelial_length,mycelial_time_s,nn_vs_optimal_%,mycelial_vs_optimal_%
6,2.3468450674071266,0.0025060999978450127,2.3468450674071266,2.609100167757074,9.580000187270343e-05,2.3468450674071266,0.05068120000214549,11.17,0.0
8,3.010927965840279,0.13270870000269497,3.010927965840279,3.0642570461363583,0.00013590000162366778,3.064257046136358,0.07230880000133766,1.77,1.77
10,3.3934391382966083,11.923996500001522,3.3934391382966083,4.114474309961229,0.00023469999723602086,3.3934391382966083,0.11392690000502625,21.25,0.0
20,,,,4.531947521176101,0.0011759000044548884,3.874003021118021,0.695294199998898,,
50,,,,8.06342104973735,0.004222600000503007,6.280431967230817,15.788985699997284,,
100,,,,9.19975305732395,0.01667029999953229,7.914422264100489,115.29211210000358,,
